review,label
"Excellent product and very fast delivery",real
"The product quality is very good",real
"The product arrived on time",real
"Good quality and useful product",real
"I am satisfied with this purchase",real
"Product works as expected",real
"Delivery was quick and packaging was good",real
"Nice product and good quality",real
"The product is useful for daily use",real
"Good product for the price",real
"Best product ever!!! Buy now!!!",fake
"Amazing amazing amazing product!!!",fake
"OMG!!! This is the BEST product!!!",fake
"Buy this now!!! You will LOVE it!!!",fake
"Fantastic!!! Perfect!!! Amazing!!!",fake
"Best purchase of my LIFE!!!",fake
"This product is unbelievably awesome!!!",fake
"Five stars!!! Everyone should buy this!!!",fake
"Perfect product!!! Must buy!!!",fake
"Incredible product!!! Totally amazing!!!",fake